t,rr_gt,hr_gt,rr_fft,hr_fft,hr_fft_med,rr_vmd,hr_vmd,hr_vmd_med,rr_ssa,hr_ssa,hr_ssa_med,rr_har,hr_har,hr_har_med
4.99950049995005,15.0,75.0,15.003749437359337,75.01874718679669,75.01874718679669,12.22100710777892,,,15.003749437359337,75.01874718679669,75.01874718679669,15.003749437359337,75.01874718679669,75.01874718679669
6.99750069975007,15.0,75.0,15.003749437359337,75.01874718679669,75.01874718679669,7.591492220600738,,,15.003749437359337,75.01874718679669,75.01874718679669,15.003749437359337,75.01874718679669,75.01874718679669
8.99550089955009,15.0,74.0044991004499,15.003749437359337,75.01874718679669,75.01874718679669,10.101341191732573,,,15.003749437359337,75.01874718679669,75.01874718679669,15.003749437359337,75.01874718679669,75.01874718679669
10.993501099350109,15.0,74.0,15.003749437359337,75.01874718679669,75.01874718679669,,,,15.003749437359337,75.01874718679669,75.01874718679669,15.003749437359337,75.01874718679669,75.01874718679669
12.99150129915013,15.0,73.99150129915013,15.003749437359337,75.01874718679669,75.01874718679669,7.541798652766075,,,15.003749437359337,75.01874718679669,75.01874718679669,15.003749437359337,75.01874718679669,75.01874718679669
14.98950149895015,15.0,74.0,15.003749437359337,75.01874718679669,75.01874718679669,,,,15.003749437359337,75.01874718679669,75.01874718679669,15.003749437359337,75.01874718679669,75.01874718679669
16.98750169875017,15.0,74.0,15.003749437359337,75.01874718679669,75.01874718679669,,,,15.003749437359337,75.01874718679669,75.01874718679669,15.003749437359337,75.01874718679669,75.01874718679669
18.98550189855019,15.0,75.0,15.003749437359337,75.01874718679669,75.01874718679669,,,,15.003749437359337,60.01499774943735,60.01499774943735,15.003749437359337,75.01874718679669,75.01874718679669
20.983502098350208,15.0,75.0,15.003749437359337,60.01499774943735,75.01874718679669,,,,15.003749437359337,60.01499774943735,60.01499774943735,15.003749437359337,75.01874718679669,75.01874718679669
22.98150229815023,15.0,75.0,15.003749437359337,75.01874718679669,75.01874718679669,,,,15.003749437359337,60.01499774943735,60.01499774943735,15.003749437359337,75.01874718679669,75.01874718679669
24.97950249795025,15.0,75.0,15.003749437359337,75.01874718679669,75.01874718679669,,,,15.003749437359337,75.01874718679669,75.01874718679669,15.003749437359337,75.01874718679669,75.01874718679669
26.977502697750268,15.0,75.0,15.003749437359337,75.01874718679669,75.01874718679669,,,,15.003749437359337,75.01874718679669,75.01874718679669,15.003749437359337,75.01874718679669,75.01874718679669
28.97550289755029,15.0,74.0,15.003749437359337,75.01874718679669,75.01874718679669,,,,15.003749437359337,75.01874718679669,75.01874718679669,15.003749437359337,75.01874718679669,75.01874718679669
30.97350309735031,16.0,73.0264969026497,15.003749437359337,75.01874718679669,75.01874718679669,,,,15.003749437359337,75.01874718679669,75.01874718679669,15.003749437359337,75.01874718679669,75.01874718679669
32.97150329715033,16.0,73.0,15.003749437359337,75.01874718679669,75.01874718679669,,,,15.003749437359337,75.01874718679669,75.01874718679669,15.003749437359337,75.01874718679669,75.01874718679669
34.969503496950345,16.0,73.0,15.003749437359337,75.01874718679669,75.01874718679669,,,,15.003749437359337,75.01874718679669,75.01874718679669,15.003749437359337,75.01874718679669,75.01874718679669
36.96750369675037,16.0,75.96750369675037,15.003749437359337,75.01874718679669,75.01874718679669,,,,15.003749437359337,75.01874718679669,75.01874718679669,15.003749437359337,75.01874718679669,75.01874718679669
38.96550389655039,15.0,75.03449610344961,15.003749437359337,60.01499774943735,60.01499774943735,,,,15.003749437359337,60.01499774943735,60.01499774943735,15.003749437359337,75.01874718679669,75.01874718679669
40.963504096350405,15.0,76.0,15.003749437359337,60.01499774943735,60.01499774943735,,,,15.003749437359337,60.01499774943735,60.01499774943735,15.003749437359337,75.01874718679669,75.01874718679669
42.96150429615043,15.0,75.0,15.003749437359337,60.01499774943735,60.01499774943735,,,,15.003749437359337,60.01499774943735,60.01499774943735,15.003749437359337,75.01874718679669,75.01874718679669
44.95950449595045,17.0,75.0,15.003749437359337,60.01499774943735,60.01499774943735,,,,15.003749437359337,60.01499774943735,60.01499774943735,15.003749437359337,75.01874718679669,75.01874718679669
46.957504695750465,17.0,75.0,15.003749437359337,75.01874718679669,75.01874718679669,,,,15.003749437359337,75.01874718679669,75.01874718679669,15.003749437359337,75.01874718679669,75.01874718679669
48.95550489555049,17.0,76.0,15.003749437359337,75.01874718679669,75.01874718679669,,,,15.003749437359337,75.01874718679669,75.01874718679669,15.003749437359337,75.01874718679669,75.01874718679669
50.95350509535051,17.0,76.0,15.003749437359337,75.01874718679669,75.01874718679669,,,,15.003749437359337,75.01874718679669,75.01874718679669,15.003749437359337,60.01499774943735,60.01499774943735
52.951505295150525,16.0,76.0,15.003749437359337,60.01499774943735,75.01874718679669,8.655615919108431,,,15.003749437359337,60.01499774943735,60.01499774943735,15.003749437359337,60.01499774943735,60.01499774943735
54.94950549495055,16.0,75.0,15.003749437359337,90.02249662415602,90.02249662415602,6.2271451088730085,,,15.003749437359337,60.01499774943735,60.01499774943735,15.003749437359337,90.02249662415602,90.02249662415602
56.94750569475057,16.0,75.0,15.003749437359337,90.02249662415602,90.02249662415602,,,,15.003749437359337,60.01499774943735,60.01499774943735,15.003749437359337,90.02249662415602,90.02249662415602
58.945505894550585,16.0,75.94550589455059,15.003749437359337,90.02249662415602,90.02249662415602,,,,15.003749437359337,60.01499774943735,60.01499774943735,15.003749437359337,90.02249662415602,90.02249662415602
60.94350609435061,16.0,76.0,15.003749437359337,75.01874718679669,75.01874718679669,,,,15.003749437359337,75.01874718679669,75.01874718679669,15.003749437359337,75.01874718679669,75.01874718679669
62.94150629415063,16.0,76.0,15.003749437359337,75.01874718679669,75.01874718679669,,,,15.003749437359337,75.01874718679669,75.01874718679669,15.003749437359337,75.01874718679669,75.01874718679669
64.93950649395065,15.060493506049355,75.0,15.003749437359337,75.01874718679669,75.01874718679669,,,,15.003749437359337,75.01874718679669,75.01874718679669,15.003749437359337,75.01874718679669,75.01874718679669
66.93750669375066,15.0,73.06249330624934,15.003749437359337,75.01874718679669,75.01874718679669,,,,15.003749437359337,60.01499774943735,60.01499774943735,15.003749437359337,75.01874718679669,75.01874718679669
68.93550689355068,14.06449310644932,72.06449310644932,15.003749437359337,60.01499774943735,60.01499774943735,,,,15.003749437359337,60.01499774943735,60.01499774943735,15.003749437359337,60.01499774943735,60.01499774943735
70.93350709335071,14.0,72.0,15.003749437359337,60.01499774943735,60.01499774943735,,,,15.003749437359337,60.01499774943735,60.01499774943735,15.003749437359337,60.01499774943735,60.01499774943735
72.93150729315073,14.0,72.0,15.003749437359337,60.01499774943735,60.01499774943735,,,,15.003749437359337,60.01499774943735,60.01499774943735,15.003749437359337,60.01499774943735,60.01499774943735
74.92950749295075,14.0,71.0,15.003749437359337,75.01874718679669,75.01874718679669,,,,15.003749437359337,75.01874718679669,75.01874718679669,15.003749437359337,75.01874718679669,75.01874718679669
76.92750769275077,14.0,72.0,15.003749437359337,75.01874718679669,75.01874718679669,,,,15.003749437359337,75.01874718679669,75.01874718679669,15.003749437359337,75.01874718679669,75.01874718679669
78.92550789255078,14.0,72.0,15.003749437359337,75.01874718679669,75.01874718679669,,,,15.003749437359337,75.01874718679669,75.01874718679669,15.003749437359337,75.01874718679669,75.01874718679669
80.9235080923508,14.0,72.9235080923508,15.003749437359337,75.01874718679669,75.01874718679669,,,,15.003749437359337,75.01874718679669,75.01874718679669,15.003749437359337,75.01874718679669,75.01874718679669
82.92150829215083,14.0,73.0,15.003749437359337,60.01499774943735,60.01499774943735,8.959605624405206,,,15.003749437359337,60.01499774943735,60.01499774943735,15.003749437359337,60.01499774943735,60.01499774943735
84.91950849195085,14.0,74.91950849195085,15.003749437359337,60.01499774943735,60.01499774943735,,,,15.003749437359337,60.01499774943735,60.01499774943735,15.003749437359337,60.01499774943735,60.01499774943735
86.91750869175087,14.0,75.0,15.003749437359337,60.01499774943735,60.01499774943735,6.677981948735804,,,15.003749437359337,60.01499774943735,60.01499774943735,15.003749437359337,75.01874718679669,75.01874718679669
88.91550889155089,14.915508891550886,75.0,15.003749437359337,75.01874718679669,75.01874718679669,6.603102798330428,,,15.003749437359337,75.01874718679669,75.01874718679669,15.003749437359337,75.01874718679669,75.01874718679669
90.9135090913509,15.0,74.0864909086491,15.003749437359337,75.01874718679669,75.01874718679669,,,,15.003749437359337,75.01874718679669,75.01874718679669,15.003749437359337,75.01874718679669,75.01874718679669
92.91150929115092,15.0,73.91150929115092,15.003749437359337,75.01874718679669,75.01874718679669,,,,15.003749437359337,75.01874718679669,75.01874718679669,15.003749437359337,75.01874718679669,75.01874718679669
94.90950949095095,15.0,73.0,15.003749437359337,75.01874718679669,75.01874718679669,12.648643723281081,,,15.003749437359337,75.01874718679669,75.01874718679669,15.003749437359337,75.01874718679669,75.01874718679669
96.90750969075097,15.0,73.0,15.003749437359337,75.01874718679669,75.01874718679669,7.289350083643627,,,15.003749437359337,75.01874718679669,75.01874718679669,15.003749437359337,75.01874718679669,75.01874718679669
98.90550989055099,15.0,73.0,15.003749437359337,75.01874718679669,75.01874718679669,9.204615461612809,,,15.003749437359337,75.01874718679669,75.01874718679669,15.003749437359337,75.01874718679669,75.01874718679669
100.903510090351,15.0,73.903510090351,15.003749437359337,75.01874718679669,75.01874718679669,10.230259559508815,,,15.003749437359337,75.01874718679669,75.01874718679669,15.003749437359337,75.01874718679669,75.01874718679669
102.90151029015102,15.0,73.0,15.003749437359337,75.01874718679669,75.01874718679669,,,,15.003749437359337,75.01874718679669,75.01874718679669,15.003749437359337,75.01874718679669,75.01874718679669
104.89951048995104,15.0,73.0,15.003749437359337,75.01874718679669,75.01874718679669,,,,15.003749437359337,75.01874718679669,75.01874718679669,15.003749437359337,75.01874718679669,75.01874718679669
106.89751068975107,15.0,73.0,15.003749437359337,75.01874718679669,75.01874718679669,,,,15.003749437359337,75.01874718679669,75.01874718679669,15.003749437359337,75.01874718679669,75.01874718679669
108.89551088955109,15.0,73.89551088955109,15.003749437359337,75.01874718679669,75.01874718679669,,,,15.003749437359337,60.01499774943735,60.01499774943735,15.003749437359337,75.01874718679669,75.01874718679669
110.89351108935111,15.0,74.0,15.003749437359337,75.01874718679669,75.01874718679669,,,,15.003749437359337,60.01499774943735,60.01499774943735,15.003749437359337,75.01874718679669,75.01874718679669
112.89151128915113,16.0,75.0,15.003749437359337,75.01874718679669,75.01874718679669,,,,15.003749437359337,75.01874718679669,75.01874718679669,15.003749437359337,75.01874718679669,75.01874718679669
114.88951148895114,16.0,75.0,15.003749437359337,75.01874718679669,75.01874718679669,,,,15.003749437359337,75.01874718679669,75.01874718679669,15.003749437359337,75.01874718679669,75.01874718679669
